Sl.no,Stations, Amenities,Platforms -HL/ML/RL,No. of Platforms (Length of Each PF),Foot over bridge (with Ramp or Steps),Drinking water taps (PF wise),Seating Arrangement (no. of passenger/PF),Platform Shelter ((PF wise: in sqm),Urinals (including W/R's & Pay & Use Toilet),Latrines,Toilet Facility/Pay & Use toilet in Circulating area,No. of Pay & Use toilet units (Platform wise),GPS Clock,Water Cooler/RO Palnt PF wise,Dustbins (Dry & Wet In Pairs),Announcement System (Computerised/Manual),2 Wheeler Parking (Capacity),4 Wheeler Parking (Capacity),Pre Paid Taxi/Auto Booth,100ft tall National flag in Circulating area,No. of Daily Trains (Ordinary & Express) (---- / ----),No. of non-daily Trains (Ordinary & Express) (---- / ----),No. of functional UTS Counters,No. of functional PRS Counters,Ladies/Sr.Citizen/PWD (Divyangjan) UTS Counter (Yes/No),No. of ATVM available,No. of ATVM Facilitators,Enquiry Counter (Yes/No),Current Reservation Facility (Yes/No),No. of Coaches of Longest stopping train,Paid Lounge (A/C),Paid Lounge (Non-A/C),Waiting Hall/Ticketing area,Retiring Room Nos. (AC),Retiring Room Nos. (Non AC),Dormitoty for Gents (No. of Beds),Dormitoty for Ladies (No. of Beds),Parcel Office (Yes/No),No. of Staffs at PO,Parcel Packing: Available or not,Reserved/VIP Lounge (Seating Capacity),Upper Class Waiting Room (Seating Capacity),AC Waiting Room (Seating Capacity),General Waiting Room (Seating Capacity),Ladies Waiting Room (Seating Capacity),Baby feeding Corner (Yes/No),Free Medical Emergency Centre / Ambulance: Name of Hospital backed by,First Aid Provision,Pharmacy,Battery Operated Cars (Nos. & Tariff per Passenger),Wheel Chair (Nos.),Trolley Path (Available at 1 end or Both Or not available),Divyang Toilet,Water sink/pedestal for PWD (Divyangjan) (atleast 1 unit),No. of Railway Sahayak (Licensed porters),No. of Catering stall (PF Wise),No. of Milk stall (PF Wise),No. of Multipurpose stall (PF Wise),Ticket Checking staffs strength,OSOP stall (Location & Commodity),No. of Book stall (PF Wise),TTDC,HPMC,Food Plaza (IRCTC),Jana Aahar (IRCTC),Fast Food Unit (IRCTC),Refreshment Room (IRCTC),VRR/NVRR,Electronic Train indicator Board,Electronic Coach Indication Board,RDN Video Wall (Nos. with Location),Manual Coach Indication Board,RDN CCTV (Train Arr./Dep.),Wi-Fi Facility (Yes/No),Lifts with Location/PF No.,Escalator with Location/PF No.,Brailee Signage (Station Map & Plates),ATM Facility,GRP out post,RPF post,SBI Card KIOSK,Gaming Zone,Cleanliness of Station (DEnHM or Station Imprest),Cloak Room,Subway,Mobile charging points,Bottle Crusher
1,SBC,NSG-1,HL,10,"Old FOB (Steps) Mys End, New FOB(ramp) SBC End",PF-1=26; PF-2/3=14 PF-4=14; PF-5/6=36 PF-7/8=29; PF-9/10=18,PF-1=379; PF-2/3=324 PF-4 = 154; PF-5/6 =554 PF-7/8 = 520; PF-9/10 =213,PF-1 =5800; PF-2/3=4380; PF-4 =3000;PF-5/6=8100; PF-7/8=3400; PF-9/10 =2610,PF-1 =4 PF-2/3=2 PF-4 =2; PF-5/6=4 PF-7/8=4; PF-9/10 =2,PF-1=8 PF-2/3=4 PF-4=4 PF-5/6=8 PF-7/8=7 PF-9/10=6,yes,"10 units. (PF 1, 2/3,4,5,6, 7 /8, 10, PRS, II Entry, main entry",,PF 8-1,200,Both,main entry - 1100. second entry -1000. metro side -250,main entry - 120. second entry - 55,yes,yes,25/104,Sep-66,16,8,yes,10,28,yes,yes,24+1 (Tr no. 12786),Yes,Yes,Yes,24,7,41,12,yes,40,Available,"main entry -12, second entry - 12",75,PF-1: 45. second entry - 33,85,30,yes,FMEC with ambulance available: Manipal Hospital,Yes,Yes,Battery car -10. Rs.12/- per passenger,10,Available at both end,Available. At PF No.01,Available,284,"PF 1 - 2, PF 2/3- 2, PF 4- 1, PF 5- 3, PF 6- 1, PF-7/8- 1, PF 9/10- 2","Concourse: 2. PF-1: 2, PF-5: 1, PF-7/8: 2, PF-9/10: 2","PF 1 - 1, PF 2/3- 2, PF 5- 1, PF-7/8- 2, PF 9/10- 1",29 (station ),circulating area: Channapatna toys,"PF 1 - 1, Concourse - 1",available at concourse area,1,Yes,Yes,Yes,no,No,Yes,Yes,"circulating area, concourse, PF 1, 2/3, 5/6, 7/8. second entry",No,Available,yes,"PF No. 01, PF No. 8","PF No.1,2/3,4,5,7/8.9/10",yes,yes,yes,yes,yes,yes,DEnHM,yes,yes,yes,yes
2,YPR,NSG-2,HL,6,2,PF-1 =14 PF2/3=18 PF-4/5=23 PF-6=21,PF-1 =351; PF2/3 =264 PF-4/5 =282; PF-6 =378,PF-1=4250; PF-2/3 =3600 PF-4/5 =5000; PF-6 =4800,PF-1=8; PF-2/3 =2 PF-4/5 =Nil; PF-6=10,PF-1=13 PF2/3=7 PF-4/5=1 PF-6=16,Yes,"PF-1-1
PF 2/3-1PF-6-1 & circulating area -1",Yes,5,100,Yes,"Available PF-1, (2500 sqm ) & 6 (2060 sqm)",Available PF 1&6,No,Yes,16/56,4/106,6,2+2PCC,No,6,8,Yes,Yes,23(11311),Yes,No,Yes,2,4,12,No,Yes,18,Yes,PF-1 (6)& 6 (25),PF-1 -24,No,PF-1(45) PF-6(30),18,No,No,Available with SMR,No,6 (Rs20),6,Available at both ends,yes,Yes,30,8,4,3,23,PF-6 handicrafts,PF-6-2,No,No,Yes,Yes,Yes,No,No,Yes,Yes,PF-1-1 PF-6-1 circulating area PF-1side -2 PF-6side -2 FOB-2,Yes,60,Yes,4,5,Yes,Yes,Yes,Tes,Yes,Ni,DEnHM,Yes,No,No,Yes
3,BNC,NSG-3,HL,"PF1-576, PF2- 567, PF1A-540, PF3-477",FOB with steps,PF-1 = 6; PF-1A=16 PF-2 = 26,PF-1=206 PF-1A=24 PF-2 = 424,PF-1=2628 PF-2=3360,PF-1=15 PF-2=5,PF-1 = 15 PF-2 = 10,Yes,"PF1-1, PF2-1, Circulating Area-1",Yes,"PF1-1, PF2-2",70,Computerised,"PF1-500, PF2-500","PF1-200, PF2-25",Yes,No,17 / 53,Apr-23,4,4,Yes,2,1,No,Yes,24+Eng (12658),No,No,Yes,No,No,No,No,No,Nil,No,No,8,No,"PF1-33, PF2-40",PF1-15,No,No,Yes,No,No,4,BNCE end,"Yes (PF1-1, PF2-1)",Yes,Yes,"PF1-1, PF2-3, PF1A-2","PF1-1, PF2-3","PF1-1, PF2-1",15,PF1-1,NO,NO,NO,PF1-1,No,PF2-1,No,No,No,"PF-1, PF-2","Circulating area-2, Concourse -1",No,Yes,Yes,No,No,Yes,"Yes, Main entrance PF-1 side",Yes,Yes,Yes,NO,DEnHM,No,No,Yes (waiting rooms),Yes
4,BWT,NSG-3,HL,"pf 1/2= 570 , pf 3/4 570 & pf 5/6 = 570",FOB with steps,PF-1/2=10; PF-3/4=22 PF-5/6=8,PF-1/2=87; PF-3/4=288 PF-5/6=67,PF-1/2=1056; PF-3/4=3060 PF-5/6=596,PF-1/2=Nil; PF-3/4=3 PF-5/6=6,PF-1/2=Nil; PF-3/4=5 PF-5/6=Nil,Yes,Pf 1/2 = 1 / Pf 3/4 = 1 uit Concourse near BO 1 unit,Yes,"1/2 = 1 3/4 = 2, 5/6 -= 1",50,Computerised,4082.04 (acquired 400 sqm by Rly),2233.10 (acquird 1050 or RLDA),No,No,Ordy 26 / Exp 27,Ordy 05 / Exp 48,3,1,Yes,1,nil,No,No,24 + 1,No,No,Yes,No,No,No,No,No,Nil,No,No,20,No,44,32,No,No,Yes (On duty SM),No,No,3,!@ Coucourse,Yes Pf 5/6,Yes,8 on roll/ 5 absent,Pf 3 & 4 - 3,Pf 3 & 4 - 2,Nil,2,Concourse (Mi;llets),No,No,No,No,No,No,No,Yes (ITRCT),No,Yes on pf 04 only,Yet to instal,Yes on pf 03,Yes,Yes,No,Work in progress pf 3/4 & exit,No,No,Yes,Yes,No,No,DenHM,No,No,No,No
5,KGI,NSG-3,HL,"P.F..1-530 P.F..2&3-626, P.F..4-548",FOB with steps,PF-1=8 PF-2/3=10 PF- 4=Nil,PF-1=110 PF-2/3=328 PF-4=6,PF-1=324; PF-2/3=2508 PF-4=224,PF-1=4 PF-2/3=4 PF-4=Nil,PF-1=4 PF-2/3=4 PF-4=Nil,No,"P.F.No.1 - 1 unit, P.F.No.2&3 - 1 unit",yes,P.F.1-2 P.F.No.2&3 -2,50,computerised,450(899 sqm),20 vehicles (316 sqm),No,No,"4 pairs pass, 24 pairs Exp",05 pairs,3,1,Yes,2,6,No,No,T.No.16022 (23),No,No,available,No,No,No,No,No,Nil,No,No,No,No,30,No,Yes,No,available with Onduty SM,No,No,3,1 end (SBC end available),available on P.F.No.1,available,Nil,"P.F.No1-1, P.F.No.2-1","P.F.No1-1, P.F.No.2-1",P.F.No.2-1,1,P.F.No.1 (CPT toys),No,No,No,No,No,1,No,no,No,Yes on P.F.No.2&3,No,No,available,Yes,No,No,No,No,No,No,No,No,DEnHM,No,No,yes,No
6,KJM,NSG-3,HL,"PF1- 360 PF2/3-540, PF4-560",FOB with steps,PF-1=12; PF-2&3=20; PF-4 = 18,PF-1 = 16;PF-2&3 = 494 PF-4 = 666,PF-1 = 200;PF-2&3=1820 PF-4 = 1920,PF-1=Nil PF-2/3=Nil PF-4=7,PF-1=Nil PF-2/3=Nil PF-4=11,No,PF4-1unit,Yes,"PF2/3-1, PF4-2",45,Computerised,PF1-150 PF4-400,PF4-45,No,No,18 / 34,Feb-66,"PF1-2, PF4-2",PF4-3,No,"PF1-1, PF2-1",2,No,Yes,25+E,No,No,No,No,No,No,No,No,Nil,No,No,No,No,20,20,Yes,No,Yes,No,No,3,Yes (SBC end),Yes (PF-4),Yes,18,"PF2/3-2, PF4-2","PF2/3-3, PF4-2",PF2/3-2,10,Yes (PF-4),PF2/3-1,No,No,Yes (PF-4),No,No,No,No,No,"Yes (PF-2, PF-4)","Yes (PF-4,PF2/3)",No,Yes,Yes,No,No,No,Yes (PF4 side),No,Yes,"Yes (PF2/3, PF4)",No,DEnHM,No,No,Yes (Waiting Rooms),Yes
7,MYA,NSG-3,HL,P.F.No.369 P.F.No.2&3-554,FOB with steps,PF-1 =22 PF-2/3=25,PF-1=204 PF-2/3 =312,PF-1= 602 PF-2/3=2008,PF-1= 4 PF-2/3=4,PF-1= 4 PF-2/3=2,No,1 unit on P.F.No.1,Yes,P.F.1-2 P.F.No.2&3 -2,30,Manual,950-1000 2344 sqm,111 sqm,No,available,"3 pairs pass, 25 pairs Exp",09 pairs,3,1,yes,2,4,No,No,T.No.16022 (23),No,No,yes,No,1,No,No,No,Nil,No,No,No,No,30,No,Yes,No,Available with onduty SM,No,No,3,both end not available,available on P.F.No.1,Yes,on roll 1 /1 absent,"concousre -1,P.F.No.2-1",P.F.No.2-1,P.F.No.2-1,1,P.F.No.1 kodiyala saree,No,No,No,No,No,No,No,VRR No.1,No,No,No,yes,Yes,Yes,No,work in progress P.F.No.2&3,available,No,Yes,Yes,No,No,Station Imprest,No,No,Yes,No
8,CPT,NSG-4,,"P.F.No.1-549, P.F.No2&3-552",FOB with steps,PF-1=7 PF-2/3=9,PF-1=242 PF-2/3=208,PF-1=992 PF-2/3=1100,PF-1=4 PF-2/3=Nil,PF-1=4 PF-2/3=Nil,No,Toilet on P.F.No.1,,,25,Manual,896 sqm,No,No,No,4 pairs pass &12 exp pairs,01 pair,1 (IUTS),0,No,2,3,No,No,T.No.16022 (23),No,No,Yes,No,No,No,No,No,No,No,No,No,No,Yes,No,Yes,No,Available with onduty SM,No,No,2,both end available,avaible on P.F.No.1,Yes,NO,1 on P.F.No.1,Nil,Nil,0,No,No,no,No,No,No,Nio,No,No,No,No,No,Yes,Yes,Yes,No,No,No,No,Yes,No,No,No,Station imprest,No,No,Yes,No
9,HSRA,NSG-4,HL,,Yes (with steps),PF-1=36 PF-2/3=18,PF-1=335 PF-2/3=213,PF-1=840 PF-2/3=880,PF-1=5 PF-2/3=Nil,PF-1=6 PF-2/3=Nil,No,(pf 1: One),YES,"Pf 1:2, PF 2:2 (water cooler)",25,Both,990.3 Sq.m,,No (Demand is there),No,(1/8) pairs,(0/5) pairs,2,1,Yes (Same counter is uses for AMC ),2,0,No,No,"23 coaches (11013/14, 17235/36)",No,No,Yes,No,2 (Furniture not available),No,No,No,No,No,No,No,No,Yes,No,No,No,Available with Onduty SM,No,No,2,SBC end,Yes,Yes (PF-1),No,"(PF-1:1, PF-2/3:2)",(PF 1:1/PF 2/3:2),PF 1:1,4,No,No,No,NO,NO,No,No,No,No,No,PF 2,No,No,Yes,Yes,Sanctioned,No,yes,No,Yes,No (1 staff from DPJ Post),No,No,Station Imprest,No,No,Yes,No
10,HUP,NSG-4,HL,PF#1 - 600 PF#2&3 - 600 PF#4 - 570,FOB with steps,PF1=20 PF2&3=6 PF4=14,PF-1=192 PF-2&3=16 PF-4=324,PF-1=648 PF-2&3=1136 PF-4=1600,PF1-2 PF2&3-Nil PF4-NIL,PF1-8 PF2&3-Nil PF4-NIL,NO,PF#1 - 1,YES,PF#1 - 2 (WATER COOLER),40,COMPUTERISED,1200 SQM,,NO,NO,(02/11) PAIRS,(00/21),2,1,NO,2,1,NO,NO,24+1 (Tr no. 12786),NO,NO,YES,NO,NO,NO,NO,NO,NIL,NO,12,NO,NO,16,16,YES,NO,WITH ON DUTY SM,NO,NO,2,AVAILABLE BOTH ENDS,YES,YES,"3(2 ABSENT, 1 DEMISED)",1,1,1,3,1 (MUDDIREDDYPALLI SAREES),NIL,NO,NO,NO,NO,NO,NO,NO,YES,YES (AT ENTRANCE),NO,NO,NO,YES,NO,NO,NO,NO,YES,YES,NO,NO,Station imprest,NO,NO,YES,NO
11,KPN,NSG-4,HL,pf 01 = 561 pf 02-= 561,FOB with steps,PF-1=9 PF-2=12,PF-1=86 PF-2=68,PF-1=1288 PF-2=875,PF-1=2 PF-2=Nil,PF-1=5 PF-2=Nil,Yes,Pf 1 = one Pf 2 = nil,Yes,Water cooler 1,25,Manual,2677.64 sqm,145.35 sqm,No,No,Ordy 05/Exp 27,Ordy 00/Exp 07,1,1,No,1,2,No,No,21,No,No,No,No,No,No,No,No,No,No,No,40,No,24,No,No,No,With on dutySM,No,No,2,One end JTJ side,Yes,Yes,2 / 1 absent,1,1,No,No,1 (Millets),No,No,No,No,No,No,No,No,No,No,No,Yes,Yes,Yes,Yes 1 each in pf 1 & 2,No,No,No,Yes,No,No,No,No,No,No,No,No
12,MLO,NSG-4,HL,pf 1/2 =578 pf 3/4 = 576,FOB with steps,PF-1/2=8 PF-3/4=8,PF-1/2=83 PF-3/4=123,PF-1/2=566 PF-3/4=420,PF-1/2=2 PF-3/4=3,PF-1/2=4 PF-3/4=2,No,nil,Yes,Water cooler 1,25,Manual,2400 sqm,nil,No,No,Ordy 21/Exp 14,Ordy 00/Exp 03,1,1,No,1,1,No,No,21,No,No,No,No,No,No,No,No,No,No,No,No,No,30,No,No,No,With on dutySM,No,No,2,No,Yes,Yes,Nil,1,1,No,No,Nil,No,No,No,No,No,No,No,No,No,No,No,Yes,No,No,No,No,No,No,No,No,No,No,No,No,No,No,No
13,RMGM,NSG-4,HL,"1-546,2&3-547,4-682",FOB with steps,PF-1=6 PF-2/3=12 PF-4=6,PF-1=112 PF-2/3=152 PF-4=12,PF-1=960 PF-2/3=1050 PF-4=288,PF-1=3 PF-2/3=2 PF-4=Nil,PF-1=4 PF-2/3=4 PF-4=Nil,No,P.F.No.2&3,Yes,1,40,Manual,1101 sqm,No,No,Yes,,,1,1,No,1,1,No,No,16022(23),No,No,Yes,No,No,No,No,No,No,No,No,No,No,30,30,Yes,No,Available with onduty SM,No,No,2,both end available,Yes,Yes,No,1 on P.F.No.2&3,P.F.No1-1& P.F.No.2-1,Nil,No,No,No,No,No,No,No,No,No,No,No,No,No,Yes,Yes,Yes,No,No,No,No,No,No,No,No,station Imprest,No,No,Yes,No
14,SSPN,NSG-4,HL,PF#1- 555 PF#2&3 - 555 PF#4 - 425,FOB with steps,PF1 =58 PF2&3=32 PF4=16,PF1=430 PF2&3=316 PF4= 52,PF1=1628 PF2&3=1552,PF-1=3 PF-2/3=Nil PF-4=2,PF-1=6 PF-2/3=Nil PF-4=4,NO,PF#1 - 1,YES,PF#1 - 2 (WATER COOLER),60,COMPUTERISED,1200 SQM,,NO,YES,(01/08) PAIRS,(00/05)PAIRS,1,1,NO,NIL,NIL,NO,NO,24,NO,NO,YES,5,1,NO,NO,NO,NIL,NO,01 (O6),NO,NO,YES (30),YES (30),YES,NO,Available with onduty SM,NO,NO,2,Available Both sides,YES,YES,10 (4 ABSENT),NIL,NIL,NIL,NO,1 (OILS),1,NO,NO,NO,NO,NO,NO,NO,YES,YES (AT ENTRANCE),NO,YES,YES,YES,Yes 1 each in pf 1 & 2,NO,NO,NO,YES,YES,NO,NO,Station imprest,NO,NO,YES,NO
15,TK,NSG-4,HL,"1,2/3 &4-540mtrs,1A-320mtr",Yes Steps,PF-1 =10 PF-2=10 PF-3/4=24 PF-5=20,PF-1 = 30 PF-2=30 PF-3/4=60 PF-5=30,PF-1 =765 PF-2= 650 PF-3/4=1300 PF-5=650,PF-1=2,PF-1=4,Yes,1 PF-1,Yes,1,40,Yes,Yes (2056Sqm),No,No,Yes,Aug-46,0/40,3,1,No,2,,No,No,22 (16227),No,No,Yes,No,1,No,No,Yes,1,No,No,No,No,Yes (30),Yes (24),No,,No,No,No,2,Tes,yes,No,1,1,2,2,2,1-Dry coconut,No,No,No,No,No,No,No,,No,No,No,No,20,Yes,"PF-1-1
PF-2/3-1",No,No,No,Yes,Yes,No,No,SMR,No,No,No,No
16,WFD,NSG-4,HL,"PF1/2-545, PF3/4-550",FOB with steps,PF-1/2=13 PF-3/4=26,PF-1/2=415 PF-3/4=300,PF-1/2=494 PF-3/4=680,"PF-1/2=6, PF-3/4=Nil Concourse Area-2","PF-1/2=7,PF-3/4=Nil, Concourse Area-4",No,"PF1/2-2 units, Concourse Area-1 unit",Yes,Yes (PF1/2-1),40,Computerised,300,30,No,No,18 / 24,2-Aug,2,2,No,Nil,Nil,No,No,,No,No,Yes,No,No,No,No,No,Nil,No,No,10,No,9,No,No,No,Yes,No,No,2,Available Both sides,Yes,Yes,2,PF1/2-1,"PF1/2-2, PF3/4-1",Nil,Nil,No,Nil,NO,No,No,No,No,No,No,No,No,No,Yes,Yes,Yes,No,No,Yes,Yes,No,No,Yes,No,Station imprest (SM),No.,No,Yes (waiting Rooms),No
17,YNK,NSG-4,HL,5,FOB with Ramp,PF-1=28 PF-2/3=20 PF-4/5=28,PF-1=100 PF-2/3=50 PF-4/5=200,PF-1=1650 PF-2/3=1050 PF-4/5=1170,4,8,YES ( P.F 01 ),1,YES,NO,69,Computerised,317 SQ MTS,2/4 wheeler 317 sqmts,NO,NO,Apr-24,Feb-32,2,01 at Station + 02 at RWF,NO,NIL,NIL,NO,NO,24,NO,NO,YES,NO,NO,NO,NO,NO,NIL,NO,01 ( 08 ),NO,NO,YES (50 ),YES ( 50 ),NO,NO,with on duty SM,NO,NO,3,AVAILABLE FOR PF 02,YES,YES,2,PF01/2 PF05/01,"PF 01/01,PF02/02,PF05/01",PF 02/01,3,01 CPT TOYS,NO,NO,NO,NO,NO,NO,NO,NO,YES,YES,NO,NO,YES,YES,PF 1-5,NO,NO,NO,YES,YES,01 IN PF 02,NO,SMR,NO,NO,NO,NO
18,BAND,NSG-5,HL,2,FOB with steps,PF-1=8 PF-2=16,PF-1=258 PF-2=32,PF-1=1115 PF-2=534,3,4,NO,NO,YES,NO,30,Computerised,2/4 wheeler 1725 sqmts,-,NO,NO,0/04,0/26,1,1,NO,NIL,NIL,NO,NO,24,NO,NO,YES,NO,NO,NO,NO,NO,NO,NO,NO,NO,NO,YES,YES,NO,NO,WITH SM,NO,NO,2,YES,YES,YES,NIL,PF 01/01,PF01/02,PF01/01,NIL,NIL,NO,NO,NO,NO,NO,NO,NO,NO,YES,YES,NO,NO,YES,YES,NO,NO,NO,NO,NO,NO,NO,NO,SMR,NO,NO,NO,NO
19,BAW,NSG-5,HL,5 all platforms -440mtrs,"Yes, Steps",PF-1=16 PF-2/3=16,PF-1=33 PF-2/3=93 PF-4/5=50,PF-1=1000 PF-2/3=1840 PF-4/5=1520,2,2,No,No,Yes,,25,Yes,"Yes ,525sqm",Yes,No,No,24,16,1,1,No,No,No,No,No,23(11311),No,No,Yes,No,No,No,No,No,No,No,No,No,No,Yes (30),No,No,No,"Yes, SM",No,No,1,No,Yes,No,No,,1,1,No,No,No,No,No,YNo,No,Yes,No,No,No,No,No,No,2,Yes,No,No,No,No,No,,No,No,,No,No,No,No
20,BID,NSG-5,HL,"1&2-543,3&4-540",FOB with steps,PF-1/2=8 PF-3/4=6,PF-1/2=68 PF-3/4=80,PF-1/2=385 PF-3/4=803,4,4,No,P.F.No.3&4 -1,Yes,No,25,Manual,No,No,No,No,,,01(STBA),0,NO,No,No,No,NO,16024(23),No,No,Yes,No,No,No,No,No,No,No,No,No,No,20,0,No,No,with onduty SM,No,No,2,both end available,Yes,Yes,No,P.F.No.3&4 -1,No,No,No,No,No,No,No,No,No,No,No,No,No,No,No,Yes,No,Yes,No,No,No,No,No,No,No,No,Station imprest,No,No,yes,No
21,BNCE,NSG-5,HL,"PF1-556, PF2-460",FOB with steps,PF-1 = 16 PF-2 = 16,PF-1 = 172 PF-2 = 188,PF-1 = 414 PF-2 = 1080,"PF1-Nil, PF2-4","PF1-6, PF2-3",No,"PF1-1 unit, PF2- 1 unit",Yes,Yes (PF1),35,Computerised,120,5,NO,No,17 / 22,4-Jan,"PF1-1, PF2-1",PF1-1,No,Nil,Nil,No,No,"24+E (12628, 12657)",No,No,Yes,No,No,No,No,No,Nil,No,No,No,No,No,No,No,No,Yes,No,No,2,No,Yes (PF-1),Yes,1,"PF1-1, PF2-1",PF2-1,Nil,Nil,No,No,No,No,No,No,No,No,No,No,No,No,No,Yes,No,No,No,No,No,No,No,No,No,Station Imprest (CBSR),No,No,No,No
22,BYPL,NSG-5,HL,"PF1-543, PF2-543",FOB with steps,PF-1=14 PF-2=16,PF-1 = 108 PF-2 = 106,PF-1 = 964 PF-2 =342,1,"PF1-3,PF2-1",No,Yes (under control of SM),Yes,Yes (PF1),30,Computerised,1000,10,No,No,22 / 16,4-Jun,1,Nil,No,Nil,Nil,No,No,23+E (16219),No,No,Yes,No,No,No,No,No,Nil,No,No,No,No,No,No,No,No,Yes,No,No,1,No,Yes,Yes,Nil,PF2-1,"PF1-1, PF2-2",Nil,Nil,No,No,No,No,No,No,No,No,No,No,No,No,No,Yes,No,No,No,No,Yes,No,No,No,No,Station Imprest (SM),No,No,NO,NO
23,CHU,NSG-5,HL,pf 1/425 sqm,No,2,107,250,2,4,No,0,Yes,0,11,No,No,No,No,No,20 /00,0,1,No,No,No,No,No,No,18,No,No,Yes,No,No,No,No,No,No,No,No,No,No,No,No,No,No,Yes,No,No,1,No,1,1,No,1,No,No,No,No,No,No,No,No,No,No,No,No,No,No,No,No,No,No,No,No,No,No,No,,No,No,CBS,No,No,No,No
24,COL,NSG-5,HL,pf 1 /445 sqm,No,2,50,400,2,4,No,0,Yes,0,13,No,371.27 sqm,No,No,No,20 /00,0,1,No,No,No,No,No,No,18,No,No,Yes,No,No,No,No,No,No,No,No,No,No,No,No,No,No,Yes,No,No,1,No,1,1,No,Nil,No,No,No,No,No,No,No,No,No,No,No,No,No,No,No,No,No,No,No,No,No,No,No,,No,No,CBS,No,No,No,No
25,CRLM,NSG-5,HL,2,1 (with steps),PF-1=14 PF-2=16 (Not working),PF-1=110 PF-2=30,PF-1=150 PF-2=150,4,3,NO,No,yes,pf 1:1,24,yes,No,No,no,no,(1/7) pairs,(0/2pair,1,1,no,no,no,nil,no,23 coaches (17235/36),no,no,yes,no,no,no,no,no,no,no,no,no,no,no,no,no,no,with onduty SM,no,no,1,1 (sbc end),yes pf 1,no,no,pf 1:1,pf 1:1,no,1,no,no,no,no,no,no,no,no,no,no,no,no,no,yes,no,no,no,yes,no,no,no,no,no,SMR,no,no,yes,no
26,DBU,NSG-5,HL,4,FOB with Steps,PF1=2 PF2/3=12 PF4=22,PF1=10 PF2/3=148 PF4=48,PF1=112 PF2/3=1021 PF4=676,2,6,NO,NO,YES,YES,40,Computorised,10/70 mtrs,NO,NO,NO,Apr-14,,01 STBA,1,NO,NO,NO,NO,NO,22 Coaches tr no 11302,NO,NO,YES,NO,NO,NO,NO,NO,NO,NO,NO,NO,NO,NO,NO,NO,NO,WITH SM,NO,NO,1,NO,YES,YES,NO,01 in PF 02,NIL,NIL,NIL,NO,NO,NO,NO,NO,NO,NO,NO,NO,NO,NO,NO,YES,NO,NO,NO,NO,NO,NO,YES,NO,NO,NO,SMR,NO,NO,NO,NO
27,DPJ,NSG-5,HL,1 and 2/3,FOB with Steps,PF-1=20 PF-2/3=24,PF-1=90 PF-2/3=130,PF-1=1600 PF-2/3=2210,4,4,no,"pf 1:1, pf 2/3:1",yes,pf 1:1,30,both,yes (150),yes (30),no,yes,1/8 pairs,0/4 pairs,1,1,no,no,no,no,no,"23 coaches (11013/14, 17235/36)",no,no,yes,no,yes,no,no,no,no,no,yes,yes,no,yes,no,no,no,with on duty SM,no,no,2,both end,yes,yes,no,"pf 1:1,pf 2:1",pf 2:1,pf 1:1,4,no,no,no,no,no,no,no,no,no,yes,no,no,no,yes,yes,pf 1&2 (under construction),no,yes,no,yes,yes,no,no,smr,no,no,yes,no
28,GBD,NSG-5,HL,PF#1- 560 PF#2&3 - 540 PF#4 - 540,FOB with Ramp,PF-1=12 PF-2/3=8,PF-1=217 PF-2/3=32,PF-1=1212 PF-2/3=160,2,6,NO,NO,YES,YES,30,MANUAL,600SQM,NO,NO,NO,02/09 PAIRS,00/03 PAIRS,1,1,NO,NIL,NIL,NO,NO,24+1 (Tr no. 12786),NO,NO,YES,NO,NO,NO,NO,NO,NO,NO,YES,NO,NO,YES,YES,NO,NO,with onduty SM,NO,NO,2,both end available,YES,YES,NIL,1,2,NIL,0,NO,NO,NO,NO,NO,NO,NO,NO,NO,YES,YES (AT ENTRANCE),NO,NO,YES,YES,NO,NO,NO,NO,NO,NO,NO,NO,Station Imprest (SM),NO,NO,YES,NO
29,MAD,NSG-5,HL,"1-592,2&3-589,4-685",FOB with steps,PF-1=10 PF-2/3=16 PF- 4=1,PF-1=80 PF-2/3=171 PF- 4=Nil,PF-1=1200 PF-2/3=1037 PF-4=Nil,9,10,No,P.F.No.01-1,Yes,1,30,Manual,706 sqm,No,No,No,,,1(IUTS),0,No,1(YET TO INSTALL),No,No,No,16022(23),No,No,yes,No,No,No,No,No,No,No,No,No,No,No,10,Yes,No,with SM,No,No,2,available both end,yes,yes,No,P.F.No.2-1,P.F.No.2-1,No,0,No,No,No,No,No,no,No,No,No,No,No,No,yes,yes,Yes,No,No,No,No,No,No,No,No,station imprest,No,No,yes,No
30,MWM,NSG-5,HL,"PF-1-496mtr,PF-496mtr","Yes, PF-2 sideSteps and PF-1 side Ramp",No,PF-1 - 60 PF-2 -30,PF-1=780 PF-2=380,2,4,Yes,1 at PF-2,Yes,1,Yes,Yes,"Yes,298sqm",Yes,No,No,10,7,1,2,No,No,No,No,No,"22,(16227)",No,No,Yes,No,No,No,No,No,No,,No,No,No,No,No,No,No,No,No,No,2,No,Yes,No,No,No,1,No,No,No,No,No,No,No,No,No,No,No,No,No,No,No,3,Yes,No,No,No,No,No,,No,No,CNC,No,No,No,No
31,NYH,NSG-5,HL,"1-485,2&3-486,4-303",FOB with steps,PF-1=12 PF-2/3=18,PF-1=99 PF-2/3=70 PF-4=10,PF-1=3240 PF-2/3=522 PF-4=70,4,4,No,P.F.No.2&3-1,Yes,01 on PF.No.2&3,25,Manual,No,No,No,No,,,1(IUTS),0,No,NO,No,No,No,16219,No,No,No,No,No,No,No,No,No,No,No,No,No,No,No,No,No,with SM,No,No,2,available SBC end,yes,yes,No,P.F.No.2&3-1,No,No,No,No,No,No,No,No,No,No,No,No,No,No,No,Yes,yes,Yes,No,No,No,No,No,No,No,No,station imprest,No,No,No,No
32,OGM,NSG-5,HL,440 sqm,No,2,100,318,2,4,No,0,Ys,Nil,13,No,725.73,No,No,No,20 /00,0,1,1,No,No,No,No,No,18,No,No,Yes,No,No,No,No,No,No,No,No,No,No,No,No,No,No,Yes,No,No,1,No,1,1,No,0,1,No,No,No,No,No,No,No,No,No,No,No,No,No,No,No,No,No,No,No,No,No,Yes,No,No,No,CNC,No,No,No,No
33,PKD,NSG-5,HL,PF#1 - 540 PF#2 580,FOB WITH RAMP,PF-1=12 PF-2=6,PF-1=66 PF-2=16,677,2,4,NO,PF#1 - 1,YES,YES,30,MANUAL,NO,NO,NO,NO,1-Sep,00/01,1,1,NO,NO,NO,NO,NO,24+1 (Tr no. 12786),NO,NO,YES,NO,NO,NO,NO,NO,NO,NO,NO,NO,NO,YES,YES,NO,NO,with on duty SM,NO,NO,2,available both end,YES,YES,NO,PF#1 - 1,NO,NO,0,NO,NO,NO,NO,NO,NO,NO,NO,NO,NO,NO,NO,NO,NO,YES,NO,NO,NO,NO,NO,NO,NO,NO,station imprest,NO,NO,YES,NO
34,TCL,NSG-5,HL,pf-1 / 410 & pf 2/3 350,With steps,PF-1=3 PF-2=2,PF-1=24 PF-2=39,PF-2=480,--,1,No,0,Yes,nil,25,No,400 sqm,No,No,No,20-Sep,2/0,1,0,No,No,No,No,No,18,No,No,no,No,No,No,No,No,No,No,No,No,No,No,No,No,No,Yes,No,No,1,No,1,nil,No,0,0,No,No,No,No,No,No,No,No,No,No,No,No,No,No,No,No,No,No,No,No,No,No,No,No,No,SM Inprest,No,No,No,No
35,AEK,NSG-6,"pf 1:HL, PF 2:RL","pf 1:HL, PF 2:RL",under construction,PF 1:2,PF-1=70 PF-2=20,PF-1=180,--,4,no,no,Yes,no,25,no,no,no,no,no,1/2 pair,0/2 pair,1,no,no,no,no,no,no,16 coaches (06277/78 Memu),no,no,yes,no,no,no,no,no,no,no,no,no,no,no,no,no,no,with onduty SM,no,no,1,no,yes,no,no,no,no,no,no,no,no,no,no,no,no,no,no,no,no,no,no,no,no,no,no,no,no,no,no,no,no,no,sm,no,no,yes,no
36,BGNR,NSG-6,HL,"2 , 540 mts each",steps,PF-1=20 PF-2=20,PF-1=45 PF-2=45,PF-1=1100 PF-2=1100,PF-1= 2 PF-2=Nil,PF-1=7 PF-2=Nil,No,Not,3,No,26,Yes,No,No,No,No,00/04,1-Apr,1,1,No,Nil,Nil,No,No,23,Not,Not,Yes,Nil,Nil,Nil,Nil,No,Nil,Not,Not,Not,Not,15,Not,Not,Not,Yes,Not,Not,2,One End,Yes,Yes,Not,Not,Not,Not,Nil,Not,Not,Not,Not,Not,Not,Not,Not,Not,Yes,Not,Not,Not,Not,Yes,Not,Not,Not,Not,Not,No,Not,Not,Station imprest,Not,Not,Not,Not
37,BSM,NSG-6,HL,pf 1 -378 / pf 2 378,With steps,1,PF-1=18 PF-2=12,PF1-133,2,4,No,no,Yes,no,25,No,No,No,No,No,8-Feb,0,1,0,No,No,No,No,No,18,No,No,no,No,No,No,No,No,No,No,No,No,No,No,No,No,No,Yes,No,No,1,No,1,nil,No,0,0,No,No,No,No,No,No,No,No,No,No,No,No,No,No,No,No,No,No,no,no,no,no,no,no,no,SM imprest,no,no,no,no
38,BSPL,NSG-6,ML,PF#1 - 275 PF#2 - 275,NO,PF1-9 PF2-0,PF1-78 PF2-4,PF1-123 PF2-0,PF1-0 PF2-3,PF1-1 PF2-3,NO,NO,YES,NO,15,NO,NO,NO,NO,NO,01/00,00/00,1,0,NO,NO,NO,NO,NO,16,NO,NO,YES,NO,NO,NO,NO,NO,NO,NO,NO,NO,NO,NO,NO,NO,NO,YES,NO,NO,1,NO,YES,NO,NO,NO,NO,NO,0,NO,NO,NO,NO,NO,NO,NO,NO,NO,NO,NO,NO,NO,NO,NO,NO,NO,NO,NO,NO,NO,NO,NO,SMR,NO,NO,NO,NO
39,CBP,NSG-6,HL,2,FOB with Step,PF-1=15 PF-2=Nil,PF1-28,PF1-576 PF2-100,3,3,YES,NO,NO,NO,25,MANUAL,NO,NO,NO,NO,NIL,2-Feb,1,1,NO,NO,NO,NO,NO,24,NO,NO,YES,NO,NO,NO,NO,NO,NO,NO,NO,NO,NO,YES,NO,NO,NO,With SM,NO,NO,1,NO,YES,YES,NO,01 in PF 01,NO,NO,NIL,NO,NO,NO,NO,NO,NO,NO,NO,NO,NO,NO,NO,NO,NO,NO,NO,NO,NO,NO,NO,NO,NO,NO,SMR,NO,NO,NO,NO
40,CMY,NSG-6,HL,2,FOB with Steps,PF-1=20 PF-2=20,PF1-24,PF1-200,3,3,YES,NO,YES,NO,12,NO,NO,NO,NO,NO,NIL,2-Feb,1,NIL,NO,NO,NO,NO,NO,22,NO,NO,YES,NO,NO,NO,NO,NO,NO,NO,NO,NO,NO,YES,NO,NO,NO,With SM,NO,NO,1,NO,YES,NO,NO,NO,NO,NO,NIL,NO,NO,NO,NO,NO,NO,NO,NO,NO,NO,NO,NO,NO,NO,NO,NO,NO,NO,NO,NO,NO,NO,NO,SMR,NO,NO,NO,NO
41,CNPA,NSG-6,HL,"3 ,420 mts each",steps,PF-1=12 PF-2=12,PF-1=9 PF-2=6,PF-1=800 PF-2=800,1,2,Not,Nil,3,Not,26,Yes,Not,Not,Not,Not,0/4,1-Apr,1,Nil,No,Nil,Nil,No,No,16,Not,Not,Not,Not,Not,Not,Not,No,Nil,Not,Not,Not,Not,9,Not,Not,Not,Yes,Not,Not,2,Both end,yes,yes,Nil,Nil,Nil,Nil,Nil,No,Nil,Not,Not,Not,Not,Not,Not,Not,Yes,Not,Nil,Not,Not,Yes,Not,Not,Not,Not,Not,Not,Not,Not,station imprest,Not,Not,Not,Not
42,CSDR,NSG-6,HL,2,FOB withsteps,3,30,PF1-140 PF2---,2,4,NO,NO,NO,NO,20,NO,NO,NO,NO,NO,NIL,2-Feb,1,NIL,NO,NO,NO,NO,NO,22,NO,NO,NO,NO,NO,NO,NO,NO,NO,NO,NO,NO,NO,NO,NO,NO,NO,With SM,NO,NO,1,NO,YES,NO,NO,NO,NO,NO,NIL,NO,NO,NO,NO,NO,NO,NO,NO,NO,NO,NO,NO,NO,NO,NO,NO,NO,NO,NO,NO,NO,NO,NO,NO,NO,NO,NO,NO
43,DBL,NSG-6,HL,3( All PFs-540mtrs),"Yes,Steps
with Ramp",PF-1=4 PF-2=4,PF-1=60 PF-2=48,PF-1=435 PF-2=224,--,2,No,No,Yes,No,25,No,No,No,No,No,8-Aug,2,1,No,No,No,No,No,No,18(06571),No,No,Yes,No,No,No,No,No,No,No,No,No,No,No,No,No,No,SMR,No,No,1,Yes,Yes,No,No,No,No,No,No,No,No,No,No,No,No,No,No,No,No,No,No,No,No,Yes,No,No,No,No,No,,No,No,SMR,No,No,No,No
44,DHL,NSG-6,HL,1,NO,1,10,PF-1=112,2,4,YES,NO,YES,NO,9,NO,NO,NO,NO,NO,NO,Feb-14,1,NO,NO,NO,NO,NO,NO,12,NO,NO,NO,NO,NO,NO,NO,NO,NO,NO,NO,NO,NO,YES,NO,NO,NO,With SM,NO,NO,1,NO,1,NO,NO,NO,NO,NO,NO,NO,NO,NO,NO,NO,NO,NO,NO,NO,NO,NO,NO,NO,NO,NO,NO,NO,NO,NO,NO,NO,NO,NO,SMR,NO,NO,NO,NO
45,DKN,NSG-6,HL,1 & 2= 420 / pf 3 419 sqm,With steps,4,PF-1/2=40 PF-3=48,PF-1/2=100 PF-3=Nil,2,4,Yes,no,Yes,No,15,No,nil,No,No,No,16-Apr,0,1,0,No,No,No,No,No,18,No,No,no,No,No,No,No,No,No,No,No,No,No,No,No,No,No,Yes,No,No,1,No,1,nil,No,0,0,No,No,No,No,No,No,No,No,No,No,No,No,No,No,No,No,No,No,no,No,No,No,Yes,No,No,SMR,No,No,No,No
46,DPE,NSG-6,HL,PF#1 - 420 PF#2 - 420,FOB withsteps,PF-1=12 PF-2=12,PF-1=40 PF-2=40,PF1-140 PF2--80,2,2,NO,NO,YES,NO,15,NO,NO,NO,NO,NO,2-Jan,00/00,1,0,NO,NO,NO,NO,NO,16,NO,NO,YES,NO,NO,NO,NO,NO,NO,NO,NO,NO,NO,NO,NO,NO,NO,YES,NO,NO,1,NO,YES,NO,NO,NO,NO,NO,0,NO,NO,NO,NO,NO,NO,NO,NO,NO,NO,NO,NO,NO,NO,NO,NO,NO,NO,NO,NO,NO,NO,NO,SMR,NO,NO,NO,NO
47,DSVS,NSG-6,HL,"1 ,375 Mts.",Not,PF-1=4,PF-1=12,PF-1=112,--,--,Not,Nil,1,Nil,12,Yes,Not,Not,Not,Not,2-Feb,1,1,Nil,Not,Nil,Nil,No,No,14,Not,Not,Yes,Not,Not,Not,Not,No,Nil,Not,Not,Not,Not,Not,Not,Not,Not,Yes,Not,Nil,2,one end,yes,yes,Nil,Nil,Nil,Nil,Nil,Nil,Nil,Not,Not,Not,Not,Not,Not,Not,Not,Not,Nil,Not,Not,Yes,Not,Not,Not,Not,Not,Not,Not,Not,station imprest,Not,Not,Not,eti
48,GDP,NSG-6,HL,pf 1 351 / pf 2 385,With steps,1,PF-1=12 PF-2=4,PF-1=112 PF-2=112,2,4,No,no,Yes,no,25,No,268 sqm,No,No,No,7-Apr,0,1,0,No,No,No,No,No,21,No,No,no,No,No,No,No,No,No,No,No,No,No,No,No,No,No,Yes,No,No,1,No,1,nil,No,0,0,No,No,No,No,No,No,No,No,No,No,No,No,No,No,No,No,No,No,no,no,no,no,no,no,no,CBS Imprest,no,no,no,no
49,GHL,NSG-6,HL,3-(All platforms-320mtrs,"yes,steps",PF-1=2 PF-2=10,PF-1=10 PF-2=40,PF-1=125 PF-2=480,2,4,No,No,Yes,No,25,No,No,No,No,No,4-Aug,2,1,No,No,No,No,No,No,18(06571),No,No,No,No,No,No,No,No,No,No,No,No,No,No,No,No,No,SM,No,No,1,Yes,Yes,No,No,No,No,No,No,No,No,No,No,No,No,No,No,No,No,No,No,No,No,Yes,No,No,No,No,No,No,No,No,SM,No,No,No,No
50,HEB,NSG-6,HL,2,Proposed under suburban work,PF-1=6,PF-1=30 PF-2=12,PF-1=315,4,4,NO,NO,YES,NO,25,MANUAL,No,NO,NO,NO,0/2,0/06,1,NO,NO,NO,NO,NO,NO,PF01-21 PF02-10,NO,NO,YES,NO,NO,NO,NO,NO,NO,NO,NO,NO,NO,NO,NO,NO,NO,With SM,NO,NO,1,NO,1,1,NO,NO,NO,NO,NO,NO,NO,NO,NO,NO,NO,NO,NO,NO,NO,NO,NO,NO,NO,NO,NO,NO,NO,NO,NO,NO,NO,NO,SMR,NO,NO,NO,NO
51,HHL,NSG-6,HL,3 (all-540mtrs),"Yes,both steps and Ramp",PF-1=6 PF-2=4,PF-1=36 PF-2=45,PF-1=144 PF-2=140,2,2,No,No,Yes,No,25,No,No,No,No,No,4-Aug,2,No,No,No,No,No,No,No,18(06571),No,No,Yes,No,No,No,No,No,No,No,No,No,No,No,No,No,No,SMR,No,No,1,Yes,Yes,No,No,No,No,No,No,No,No,No,No,No,No,No,No,No,No,No,No,No,No,yes,No,No,No,No,No,No,No,No,SMR,No,No,No,No
52,HISE,NSG-6,HL,"03, 550 mts each",With steps,PF-1=4 PF-2=4,PF-1=18 PF-2=25,PF-1=617 PF-2=617,--,2,No,No,2,No,25,yes,No,No,No,No,00/02,01/00,1,Nil,No,No,No,No,No,14,No,No,yes,No,No,No,No,No,Nil,No,No,No,No,No,No,No,No,yes,Not,Not,2,One end,Yes,yes,Nil,No,No,Nil,Nil,No,No,No,No,No,No,No,No,No,No,No,No,No,No,yes,No,No,No,No,No,No,No,No,station imprest,No,No,No,No
53,HJL,NSG-6,HL,"1-&2-420,3&4-420",FOB WITH STEPS,PF-1/2= 12 PF-3/4=12,PF-1/2= 45 PF-3/4=42,PF-1/2= 99 PF-3/4=525,4,4,yes,No,No,No,35,No,No,No,NO,NO,,,1,NO,NO,NO,NO,NO,NO,,No,No,No,NO,NO,NO,NO,NO,NO,NO,NO,NO,NO,NO,NO,NO,NO,With SM,NO,NO,2,not available,yes,yes,No,No,No,No,NO,No,No,No,No,No,No,No,No,No,No,No,No,yes,No,No,No,No,No,No,No,No,No,No,station imprest,No,No,No,No
54,HLE,NSG-6,HL,1,under construction,PF-1=2,PF-1=21,PF-1=90,--,4,yes,no,,no,25,no,no,no,no,no,1/2pairs,0/2pairs,1,no,no,no,no,no,no,16 coaches (06277/78 Memu),no,no,yes,no,no,no,no,no,no,no,no,no,no,no,no,no,no,with SM,no,no,1,no,yes,yes,no,no,no,no,no,no,no,no,no,no,no,no,no,no,no,no,no,no,no,no,no,no,no,no,no,no,no,no,smr,no,no,yes,no
55,HNK,NSG-6,HL,"1-539,2&3-540",FOB WITH STEPS,PF-1 =4 PF-2 =4,PF-1 =52 PF-2 =48,PF-1=450 PF-2=450,2,2,No,No,Yes,No,25,No,No,No,NO,NO,,,1,NO,NO,NO,NO,NO,NO,,No,No,No,NO,NO,NO,NO,NO,NO,NO,NO,NO,NO,NO,NO,NO,NO,With SM,NO,NO,2,not available,yes,yes,No,No,No,No,NO,No,No,No,No,No,No,No,No,No,No,No,No,yes,No,No,No,No,No,No,No,No,No,No,station imprest,No,No,No,No
56,KIAT,NSG-6,HL,"PF-1-540,PF-2-540",NO,PF-1=2 PF-2=2,PF-1=50 PF-2=20,PF-1 =896 PF-2 =540,2,2,No,No,Yes,Yes,25,Manual,"Yes,400sqm",No,No,No,8-Aug,2,"1,UTS/PRS",No,No,No,No,No,No,18(06571),No,No,Yes,No,No,No,No,No,No,No,No,No,No,No,No,No,No,SMR,No,No,1,No,yes,No,No,1,No,No,No,No,No,No,No,No,No,No,No,No,No,No,No,No,No,Yes,No,No,No,No,No,No,No,No,SMR,No,No,No,No
57,KIGL,NSG-6,HL,"PF 3 , 540 mts each",With steps,PF-1=20 PF-2=20,PF-1=36 PF-2=26,PF-1=399 PF-2=248,3,4,No,No,3,No,30,yes,No,No,No,No,0/5,1-Apr,1,1,No,Nil,Nil,No,No,23,No,No,No,Nil,Nil,Nil,Nil,No,Nil,No,"Yes ,06",No,No,18,No,No,No,yes,No,No,2,one end,Yes,yes,Nil,"PF-2 ,01",No,No,Nil,No,No,No,No,No,No,No,No,No,yes,No,No,No,No,yes,No,No,No,No,No,yes,No,No,Station imprest,No,No,No,No
58,KMLM,NSG-6,HL,"pf 1: , pf 2:",yes,pf 1: 2,PF-1=34 PF-2=Nil,PF-1=90,--,4 (Damaged),no,no,Yes,no,25 (removed),no,no,no,no,no,1/2pairs,no,1,no,no,no,no,no,no,16 coaches (06277/78 Memu),no,no,no/yes,no,no,no,no,no,no,no,no,no,no,no,no,no,no,with SM,no,no,1,1,yes,yes,no,no,no,no,no,no,no,no,no,no,no,no,no,no,no,no,no,no,no,no,no,no,no,no,no,no,no,no,Station Imprest,no,no,no,no
59,KQZ,NSG-6,HL,3,FOB with steps,PF-1=4 PF-2/3=6,PF-1=42 PF-2/3=27,PF-1=660 PF-2/3=320,2,4,YES,1,YES,NO,25,Manual,NO,NO,NO,1,NIL,0/7,1,1,NO,NO,NO,NO,NO,22,NO,NO,YES,NO,NO,NO,NO,NO,NO,NO,NO,NO,NO,YES,NO,NO,NO,With SM,NO,NO,2,NO,YES,1,NO,NO,NO,NO,NO,NO,NO,NO,NO,NO,NO,NO,NO,NO,NO,NO,NO,YES,NO,YES,NO,NO,NO,NO,YES,NO,NO,NO,SMR,NO,NO,NO,NO
60,KVLR,NSG-6,HL,"pf 1: ,pf 2:",FOB with steps,PF-1=2,PF-1=28 PF-2=Nil,PF-1=90,--,4,no,no,yes,no,4,manual,no,no,no,no,0/2pairs,no,1,no,no,no,no,no,no,14,no,no,yes,no,no,no,no,no,no,no,no,no,no,no,no,no,no,with SM,no,no,1,1,yes,yes,no,no,no,no,no,no,no,no,no,no,no,no,no,no,no,no,no,no,no,no,no,no,no,no,no,no,no,no,Station Imprest,no,no,yes,no
61,LOGH,NSG-6,HL,2,FOB with steps,PF-1=2 PF-2=2,PF-1=60 PF-2=20,PF-1=950 PF-2=750,4,2,NO,NO,YES,NO,20,NO,NO,NO,NO,NO,2-Feb,3-Mar,1,NO,NO,NO,NO,NO,NO,24,NO,NO,YES,NO,NO,NO,NO,NO,NO,NO,NO,NO,NO,YES,NO,NO,NO,With SM,NO,NO,1,NO,YES,NO,NO,NO,NO,NO,NO,NO,NO,NO,NO,NO,NO,NO,NO,NO,NO,NO,NO,NO,NO,YES,NO,NO,NO,NO,NO,NO,NO,NO,SMR,NO,NO,NO,NO
62,MAR,NSG-6,HL,pf -1 500/ pf 2 178,under construction,2,PF-1=25,PF-1=120,--,4,No,no,,,15,No,No,No,No,No,2-Mar,0,1,0,No,No,No,No,No,18,No,No,no,No,No,No,No,No,No,No,No,No,No,No,No,No,No,Yes,No,No,1,No,1,nil,No,0,0,No,No,No,No,No,No,No,No,No,No,No,No,No,No,No,No,No,No,no,NO,NO,NO,NO,NO,NO,SMR,NO,NO,NO,NO
63,MKJ,NSG-6,RL,PF#1 - 275 PF#2 - 275,NO,1HP,15,149,1,4,NO,NO,YES,NO,15,NO,NO,NO,NO,NO,00/01,00/00,1,0,NO,NO,NO,NO,NO,8,NO,NO,YES,NO,NO,NO,NO,NO,NO,NO,NO,NO,NO,NO,NO,NO,NO,YES,NO,NO,1,NO,YES,NO,NO,NO,NO,NO,0,NO,NO,NO,NO,NO,NO,NO,NO,NO,NO,NO,NO,NO,NO,NO,NO,NO,NO,NO,NO,NO,NO,NO,SMR,NO,NO,NO,NO
64,MKL,NSG-6,HL,2,FOB with steps,4,28,169,--,2,NO,NO,NO,NO,25,NO,NO,NO,NO,NO,4-Feb,NIL,1,NO,NO,NO,NO,NO,NO,22,NO,NO,YES,NO,NO,NO,NO,NO,NO,NO,NO,NO,NO,NO,NO,NO,NO,With SM,NO,NO,1,NO,1,NO,NO,NO,NO,NO,NO,NO,NO,NO,NO,NO,NO,NO,NO,NO,NO,NO,NO,NO,NO,NO,NO,NO,NO,NO,NO,NO,NO,NO,NO,NO,NO,NO,NO
65,MKM,NSG-6,HL,pf 1- 419,No,2,40,960,--,2,No,0,Yes,No,15,No,No,No,No,No,20 /00,0,1,No,No,No,No,No,No,18,No,No,Yes,No,No,No,No,No,No,No,No,No,No,No,No,No,No,Yes with SM,No,No,1,No,1,1,No,1,No,No,No,No,No,No,No,No,No,No,No,No,No,No,No,No,No,No,No,No,No,No,No,No,No,No,SM Imprest,No,No,No,No
66,MLU,NSG-6,HL,PF#1 - 225 PF#2 - 225,FOB withsteps,1,PF-1=12 PF-2=12,--,--,--,NO,NO,YES,NO,25,NO,NO,NO,NO,NO,1-Feb,00/00,1,0,NO,NO,NO,NO,NO,16,NO,NO,YES,NO,NO,NO,NO,NO,NO,NO,NO,NO,NO,NO,NO,NO,NO,YES,NO,NO,1,NO,YES,NO,NO,NO,NO,NO,0,NO,NO,NO,NO,NO,NO,NO,NO,NO,NO,NO,NO,NO,NO,NO,NO,NO,NO,NO,NO,NO,NO,NO,SMR,NO,NO,NO,NO
67,MZU,NSG-6,HL,"pf 1: ,pf 2:",yes (with steps),PF-1=2 PF-2=Nil,PF-1=21 PF-2=21,PF-1=140,--,4,no,no,yes,no,25,no,no,no,no,no,1/2pairs,no,1,no,no,no,no,no,no,16 coaches (06277/78 Memu),no,no,yes,no,no,no,no,no,no,no,no,no,no,no,no,no,no,with SM,no,no,1,1,yes,yes,no,no,no,no,no,no,no,no,no,no,no,no,no,no,no,no,no,no,no,no,no,no,no,no,no,no,no,no,Station Imprest,no,no,yes,no
68,NDV,NSG-6,HL,"PF-540,PF-2/3-540","Yes,steps with Ramp",PF-1=4 PF-2=8,PF-1=60 PF-2=20,PF-1=146,--,4,No,No,Yes,No,25,No,No,No,No,No,4-Aug,2,1,No,No,No,No,No,No,18(06571),No,No,Yes,No,No,No,No,No,No,No,No,No,No,No,No,No,No,SMR,No,No,1,No,Yes,No,No,No,No,No,No,No,No,No,No,No,No,No,No,No,No,No,No,No,No,Yes,No,No,No,No,No,No,No,No,SMR,No,No,No,No
69,NGM,NSG-6,RL,PF#1 - 225 PF#2 - 275,NO,1HP,18,PF-1=160,1,4,NO,NO,YES,NO,15,NO,NO,NO,NO,NO,00/01,00/00,1,0,NO,NO,NO,NO,NO,8,NO,NO,YES,NO,NO,NO,NO,NO,NO,NO,NO,NO,NO,NO,NO,NO,NO,YES,NO,NO,1,NO,YES,NO,NO,NO,NO,NO,0,NO,NO,NO,NO,NO,NO,NO,NO,NO,NO,NO,NO,NO,NO,NO,NO,NO,NO,NO,NO,NO,NO,NO,SMR,NO,NO,NO,NO
70,NMGA,NSG-6,HL,01 with length 420mt,available with steps,PF-1=16 PF-2=16,PF-1=54 PF-2=32,PF-1=980 PF-2/3=210,2,4,NO,NIL,YES,NIL,26,yes,NO,NO,NO,NO,0/2,2-Apr,1,NIL,NO,NIL,NIL,NO,NO,14,NIL,NIL,yes,NIL,NIL,NIL,NIL,NIL,NIL,NO,YES(05),NIL,NIL,18,NIL,NO,NIL,SMR,NIL,NIL,2,YES,YES,YES,NIL,1,NIL,NIL,NIL,NIL,NIL,NIL,NIL,NIL,NIL,NIL,NIL,no,yes,no,no,no,no,yes,NIL,NIL,NIL,NIL,NIL,NIL,NIL,NIL,1,NIL,NIL,2,NIL
71,NRYP,NSG-6,ML,PF#1 - 275 PF#2 - 275,NO,Taps-4 HP-1,36,64,1,2,NO,NO,YES,NO,15,NO,NO,NO,NO,NO,1-Jan,00/00,1,0,NO,NO,NO,NO,NO,16,NO,NO,YES,NO,NO,NO,NO,NO,NO,NO,NO,NO,NO,NO,NO,NO,NO,YES,NO,NO,1,NO,YES,NO,NO,NO,NO,NO,0,NO,NO,NO,NO,NO,NO,NO,NO,NO,NO,NO,NO,NO,NO,NO,NO,NO,NO,NO,NO,NO,NO,NO,SMR,NO,NO,NO,NO
72,ORH,NSG-6,HL,2,FOB with steps,8,12,90,2,2,NO,NO,NO,NO,25,NO,NO,NO,NO,NO,4-Feb,NIL,1,NO,NO,NO,NO,NO,NO,24,NO,NO,YES,NO,NO,NO,NO,NO,NO,NO,NO,NO,NO,YES,NO,NO,NO,With SM,NO,NO,NO,2,1,NO,NO,NO,NO,NO,NO,NO,NO,NO,NO,NO,NO,NO,NO,NO,NO,NO,NO,NO,NO,NO,YES,NO,NO,NO,NO,NO,NO,NO,SMR,NO,NO,NO,NO
73,PCV,NSG-6,"pf 1: HL , pf 2:RL work sanctioned ","pf 1: , pf 2:",Sanctioned ,PF-1=3,PF-1=66 PF-2=6,PF-1=650,--,4,no,no,yes,no,20,no,no,no,no,no,1/3pairs,no,1,1,no,no,no,no,no,22 coaches (16235/36),no,no,yes,no,no,no,no,no,no,no,no,no,no,no,no,no,no,with SM,no,no,1,1,yes,yes,no,pf 1:1,no,no,no,no,no,no,no,no,no,no,no,no,no,no,no,no,no,no,no,no,no,no,no,no,no,no,Station Imprest,no,no,yes,no
74,PRNT,NSG-6,HL,"pf 1: , pf 2:",Sanctioned ,PF-1=2,PF-1=15 PF-2=Nil,PF-1=180,2,4,no,no,yes,no,25(removed),no,no,no,no,no,1/2pairs,no,1,no,no,no,no,no,no,16 coaches (06277/78 Memu),no,no,yes,no,no,no,no,no,no,no,no,no,no,no,no,no,no,with SM,no,no,1,no,under construction,yes,no,no,no,no,no,no,no,no,no,no,no,no,no,no,no,no,no,no,no,no,no,no,no,no,no,no,no,no,Station Imprest,no,no,yes,no
75,PU,NSG-6,HL,pf 1 &2 = 478,With steps,PF-1/2=12,PF-1/2=20,896,2,2,No,no,,,15,No,No,No,No,No,2-Mar,0,1,0,No,No,No,No,No,20,No,No,Yes,No,No,No,No,No,No,No,No,No,No,No,No,No,No,Yes,No,No,1,No,1,nil,No,0,0,No,No,No,No,No,No,No,No,No,No,No,No,No,No,No,No,No,No,no,NO,NO,NO,NO,NO,NO,SMR,NO,NO,NO,NO
76,REPI,NSG-6,HL,PF#1 - 420 PF#2 - 420,FOB withsteps,PF-1=2 PF-2=2,PF-1=20 PF-2=8,--,--,--,NO,NO,YES,NO,12,NO,NO,NO,NO,NO,1-Feb,00/00,1,0,NO,NO,NO,NO,NO,16,NO,NO,YES,NO,NO,NO,NO,NO,NO,NO,NO,NO,NO,NO,NO,NO,NO,YES,NO,NO,1,NO,YES,NO,NO,NO,NO,NO,0,NO,NO,NO,NO,NO,NO,NO,NO,NO,NO,NO,NO,NO,NO,NO,NO,NO,N,N,N,N,N,N,SMR,NO,NO,NO,NO
77,RNN,NSG-6,HL,NO,FOB with steps,2,16,PF-1=350 PF-2=350,--,2,NO,NO,,NO,30,NO,NO,NO,NO,NO,4-Feb,NO,1,NO,NO,NO,NO,NO,NO,14,NO,NO,YES,NO,NO,NO,NO,NO,NO,NO,NO,NO,NO,NO,NO,NO,NO,With SM,NO,NO,1,NO,YES,NO,NO,NO,NO,NO,NO,NO,NO,NO,NO,NO,NO,NO,NO,NO,NO,NO,NO,NO,NO,NO,NO,NO,NO,NO,NO,NO,NO,NO,SMR,NO,NO,NO,NO
78,RYC,NSG-6,HL,,FOB with steps,PF-1=3 PF-2=2,PF-1=50 PF-2=21,PF-1=180,--,4,no,no,yes,no,25,,no,no,no,no,1/2pairs,no,1,no,no,no,no,no,no,16 coaches (06277/78 Memu),no,no,yes,no,no,no,no,no,no,no,no,no,no,no,no,no,no,with SM,no,no,1,1,yes,yes,no,pf 1: 1,no,no,no,no,no,no,no,no,no,no,no,no,no,no,no,no,no,no,no,no,no,no,no,no,no,no,Station Imprest,no,no,no,no
79,SET,NSG-6,HL,"1-542,2&3-543",FOB WITH STEPS,4,PF-1=60 PF-2/3=75,PF-1=528 PF-2/3=880,2,4,No,No,Yes,No,20,No,No,No,NO,NO,,,1,NO,NO,NO,NO,NO,NO,,No,No,No,NO,NO,NO,NO,NO,NO,NO,NO,NO,NO,NO,NO,NO,NO,With SM,NO,NO,2,available,yes,yes,No,No,No,No,NO,No,No,No,No,No,No,No,No,No,No,No,No,yes,No,No,No,No,No,No,No,No,No,No,station imprest,No,No,No,No
80,SBGA,NSG-6,HL,"3 ,422mts eachà",steps,PF-1=12 PF-2=14,PF-1=24 PF-2=22,PF-1=1056 PF-2=1056,--,5,No,Nil,3,nil,26,Yes,"Yes , 50",Not,Not,Yes,00/04,1-Apr,1,Nil,No,Nil,Nil,Not,Not,23,Not,Not,Not,Nil,3,4,Nil,No,Nil,Not,"Yes , 05",Not,Not,"Yes , 15","Yes , 24",No,No,Yes,No,Not,2,Both end,yes,yes,Nil,Nil,Nil,Nil,Nil,Not,Nil,Not,Not,Not,Not,Not,Not,Not,yes,Not,Nil,Not,not,yes,Not,Not,Not,Not,Not,,Not,Not,station imprest,not,Not,not,
81,SIGA,NSG-6,HL,"1 ,375 Mts",No,4,PF-1=16,PF1-525,--,--,No,Not,1,Not,12,Yes,No,No,No,No,2-Feb,1/0,1,Nil,No,Nil,Nil,Nil,Nil,14,Not,Not,yes,Nil,Nil,Nil,Nil,No,Nil,Not,Nil,Not,Not,Not,Not,Not,Not,Yes,Not,Not,2,Not,Yes,yes,Nil,Nil,Nil,Nil,Nil,Not,Nil,Not,Not,Not,Not,Not,Not,Not,Not,Not,Nil,Not,Not,Yes,Not,Not,Not,Not,Not,Not,Not,Not,Station imprest,Not,Not,Not,Not
82,IDT,NSG-6,HL,2,FOB with steps,1,PF-1=24 PF-2=Nil,PF-1=100 PF-2=Nil,1,1,YES,NO,YES,NO,12,NO,NO,NO,NO,NO,NO,2-Feb,1,NO,NO,NO,NO,NO,NO,22,NO,NO,YES,NO,NO,NO,NO,NO,NO,NO,NO,NO,NO,YES,NO,NO,NO,With SM,NO,NO,1,NO,YES,NO,NO,NO,NO,NO,NO,NO,NO,NO,NO,NO,NO,NO,NO,NO,NO,NO,NO,NO,NO,YES,NO,NO,NO,NO,NO,NO,NO,NO,SMR,NO,NO,NO,NO
83,SZV,NSG-6,HL,"pf 1: ,Pf 2:",Sanctioned ,4,"pf 1: 75, pf 2: No",180,--,4,no,no,yes,no,21 (removed),no,no,no,no,no,0/2pairs,no,1,no,no,no,no,no,no,14,no,no,yes,no,no,no,no,no,no,no,no,no,no,no,no,no,no,with SM,no,no,1,no,yes,,no,no,no,no,no,no,no,no,no,no,no,no,no,no,no,no,no,no,no,no,no,no,no,no,no,no,no,no,Station Imprest,no,no,yes,no
84,SKPT,NSG-6,HL,pf 1 - 446 / pf 2 397,FOB with steps,2,PF-1=25 PF-2=4,112,--,4,No,no,Yes,No,15,No,No,No,No,No,2-Feb,0,1,0,No,No,No,No,No,18,No,No,no,No,No,No,No,No,No,No,No,No,No,No,No,No,No,With SM,No,No,1,No,YES,nil,No,0,0,No,No,No,No,No,No,No,No,No,No,No,No,No,No,No,No,No,No,no,NO,NO,NO,NO,NO,NO,SMR,NO,NO,NO,NO
85,SOLR,NSG-6,HL,"2 , 420 mts",with steps,PF1=24 PF2=24,PF1=11 PF2=09,PF1=897 PF2=478,2,2,No,No,2,No,25,Yes,No,No,No,No,0/2,02/0,1,Nil,No,Nil,Nil,No,No,14,No,No,yes,No,No,No,No,No,Nil,No,No,No,No,No,No,No,No,Yes,No,No,2,one end,Yes,Yes,No,Nil,Nil,Nil,Nil,Nil,Nil,Nil,Nil,Nil,Nil,Nil,Nil,Nil,No,No,No,No,No,Yes,No,No,No,No,No,No,No,No,station imprest,No,No,No,No
86,SVS,NSG-6,HL,3,FOB with steps,1,PF1=20 PF2/3=20,PF1=352 PF2/3=176,1,1,YES,NO,YES,NO,22,NO,NO,NO,NO,NO,NO,2-Feb,1,NO,NO,NO,NO,NO,NO,22,NO,NO,YES,NO,NO,NO,NO,NO,NO,NO,NO,NO,NO,YES,NO,NO,NO,With SM,NO,NO,1,NO,YES,NO,NO,NO,NO,NO,NO,NO,NO,NO,NO,NO,NO,NO,NO,NO,NO,NO,NO,NO,NO,YES,NO,NO,NO,NO,NO,NO,NO,NO,SMR,NO,NO,NO,NO
87,TASA,NSG-6,HL2,"2 ,540 mts",with steps,PF1=20 PF2=20,PF1=28 PF2=24,PF1=680 PF2=438,2,2,No,No,2,No,25,Yes,No,No,No,No,0/2,02/0,1,Nil,No,No,No,No,No,14,No,no,yes,No,No,No,No,No,No,No,No,No,No,12,No,No,No,Yes,No,No,2,one end,yes,yes,Nil,Nil,Nil,Nil,No,No,Nil,No,No,No,No,No,No,No,No,No,No,No,No,Yes,No,No,No,No,No,No,No,No,station imprest,No,No,No,No
88,TDV,NSG-6,HL,2,FOB with steps,2,20,186,2,4,NO,NO,YES,NO,25,NO,NO,NO,NO,NO,4-Feb,NO,1,NO,NO,NO,NO,NO,NO,20,NO,NO,YES,NO,NO,NO,NO,NO,NO,NO,NO,NO,NO,NO,NO,NO,NO,With SM,NO,NO,1,NO,1,NO,NO,NO,NO,NO,NO,NO,NO,NO,NO,NO,NO,NO,NO,NO,NO,NO,NO,NO,NO,NO,NO,NO,NO,NO,NO,NO,NO,NO,SMR,NO,NO,NO,NO
89,TPP,NSG-6,HL,"pf 1:, pf 2:",Sanctioned ,pf 1:2,pf 1:70,pf 1: 150,no,4,no,no,yes,no,25,manual,no,no,no,no,0/2pairs,no,1,no,no,no,no,no,no,14,no,no,yes,no,no,no,no,no,no,no,no,no,no,no,no,no,no,with SM,no,no,1,1,yes,yes,no,no,no,no,no,no,no,no,no,no,no,no,no,no,no,no,no,no,no,no,no,no,no,no,no,no,no,no,Station Imprest,no,no,no,no
90,Y,NSG-6,HL,"1-533,2-535",FOB WITH STEPS,PF-1=6 PF-2=2,PF-1=36 PF-2=16,PF-1=240,--,2,No,No,Yes,No,25,No,No,No,NO,NO,,,1,NO,NO,NO,NO,NO,NO,16227(21),No,No,No,NO,NO,NO,NO,NO,NO,NO,NO,NO,NO,NO,NO,NO,NO,With SM,NO,NO,2,not available,yes,yes,No,No,No,No,NO,No,No,No,No,No,No,No,No,No,No,No,No,yes,No,No,No,No,No,No,No,No,No,No,station imprest,No,No,No,No
91,YY,NSG-6,HL,"3 , 540 mts.each",steps,PF-1=24 PF-2=28,PF-1=24 PF-2=23,PF-1=476 PF-2=418,2,4,Not,Nil,2,not,25,Yes,Not,Not,Not,Not,00/03,1-Mar,1,1,No,Nil,Nil,Not,Not,23,Not,Not,Not,Not,Not,Not,Not,Not,Nil,Not,Not,Not,Not,12,Not,Not,Not,Yes,Not,Nil,2,One end,Yes,Yes,Nil,Nil,Nil,Nil,Nil,Nil,Nil,Not,Not,Not,Not,Not,Not,Not,Not,Not,Not,Not,Not,Yes,Not,Not,Not,Not,Not,No,Not,Not,Station imprest,Not,Not,Not,No
92,MLSA,NSG-6,Hl,"PF-1-540mtr,PF-2/3-540","yes,steps","PF-1-8,PF-2-10","PF-1-45,PF-2-60","PF-1-390sqm,PF-2-346sqm",2,2,No,No,Yes,No,25,No,No,No,No,No,2-Feb,2,1,No,No,No,No,No,No,18(06274),No,No,Yes,No,No,No,No,No,No,No,No,No,No,No,No,No,No,SMR,No,No,1,No,Yes,No,No,No,No,No,No,No,No,No,No,No,No,No,No,No,No,No,No,No,No,Yes,No,No,No,No,No,No,No,No,SMR,No,No,No,No
93,GBB,NSG-6,No,"PF-!-540,PF-2-540","Yes,steps","PF-1-10,PF-2-10","PF-1-60,PF-2-60","PF-430sqm,PF-2-346sqm",2,2,No,No,yes,No,25,No,No,No,No,NO,2-Jun,0/2,1,No,No,No,No,No,No,18(06274),No,No,No,No,No,No,No,No,No,No,No,No,No,No,No,No,No,SMR,No,No,1,Yes,Yes,No,No,No,No,No,No,No,No,No,No,No,No,No,No,No,No,No,No,No,No,Yes,No,No,No,No,No,No,No,No,SMR,No,No,No,No
94,NTR,NSG-6,No,"PF-!-540,PF-2-540","Yes,steps","PF-1-2,PF-2-10","PF-1/15,PF-2/30","PF-1/346sqm,PF-2/346sqm",2,2,No,No,yes,No,25,No,No,No,No,NO,2-Feb,0/2,1,No,No,No,No,No,No,18(06274),No,No,No,No,No,No,No,No,No,No,No,No,No,No,No,No,No,SMR,No,No,1,Yes,Yes,No,No,No,No,No,No,No,No,No,No,No,No,No,No,No,No,No,No,No,No,Yes,No,No,No,No,No,No,No,No,SMR,No,No,No,No
95,SPGR,NSG-6,No,"PF-!-540,PF-2-540","Yes,steps","PF-1/2,PF-2/3-10","PF-1/15,PF-2/3-30","PF-1/390,PF-2/3-346sqm",2,2,No,No,yes,No,25,No,No,No,No,NO,2-Feb,0/2,1,No,No,No,No,No,No,18(06274),No,No,No,No,No,No,No,No,No,No,No,No,No,No,No,No,No,SMR,No,No,1,Yes,Yes,No,No,No,No,No,No,No,No,No,No,No,No,No,No,No,No,No,No,No,No,Yes,No,No,No,No,No,No,No,No,SMR,No,No,No,No
96,SMVB,NSG-6,HL,"PF1-600, PF2/3-600, PF4/5-600, PF6/7-600",FOB with steps,"PF1-16, PF2/3-24, PF4/5-32, PF6/7-32","PF1-62, PF2/3-66, PF4/5-70, PF6/7-28","PF1-7560, PF2/3-7560, PF4/5-7560, PF6/7-7560","Circulating Area- 6, PF1- 3, PF2/3-3, PF4/5-3, PF6/7-3","Circulating Area- 6, PF1- 3, PF2/3-3, PF4/5-3, PF6/7-3",Yes,"PF1-1, PF2/3-1, PF4/5-1, PF6/7-1, Circulating Area - 1 unit",Yes,Yes,100,Computerised,1000,120,No,Yes,0 / 14,0 / 42,4,1,yes,4,4,No,Yes,25+E,No,No,Yes,No,No,No,No,Yes,15,Yes,20,31,--,54,24,No,No,Yes,No,1 / Rs/15/-,7,Yes (Both sides),Yes,Yes,73,"PF1-2, PF2/3-2, PF4/5-1, PF6/7-2","PF1-1, PF2/3-1, PF4/5-1, PF6/7-1","PF1-1, PF2/3-1, PF4/5-1, PF6/7-1",8,No,No,No,No,No,No,2,No,No,Yes,Yes,Yes,No,Yes,Yes,concourse,concourse,Yes,No,No,Yes,No,No,DEnHM,Yes,Yes,Yes,No
97,BEML,HG-2,HL,1 = 415 sqm,No,Nil,12,190 sqm,--,--,No,No,No,No,6,No,No,No,No,No,No,No,Halt agent,No,No,No,No,No,No,18,No,No,Yes,No,No,No,No,No,No,No,No,No,No,No,No,No,No,No,No,No,No,No,No,No,No,No,No,No,No,No,No,No,No,No,No,No,No,No,No,No,No,No,No,No,No,No,No,No,No,No,No,No,Halt agent,No,No,No,No
98,BLRR,HG-2,HL,1,Proposed under suburban work,2,15,--,--,--,No,No,No,No,Nil,no,No,No,No,No,2-Apr,0 / 4,Halt agent,No,No,No,No,No,No,18,No,No,NO,No,No,No,No,No,No,No,No,No,No,No,No,No,No,No,No,No,No,No,No,No,No,No,No,No,No,No,No,No,No,No,No,No,No,No,No,No,No,No,No,no,No,No,No,No,No,No,No,No,Halt Agent,No,No,No,NO
99,BNKH,HG-2,HL,2(Both 540mtrs),Under construction,No,Ni,No,No,Ni,No,No,No,No,10,no,No,No,No,No,8-Feb,No,Halt agent,No,No,No,No,No,No,18(06274),No,No,NO,No,No,No,No,No,No,No,No,No,No,No,No,No,No,No,No,No,No,No,No,No,No,No,No,No,No,No,No,No,No,No,No,No,No,No,No,No,No,No,No,no,No,No,No,No,No,No,No,No,Halt Agent,No,No,No,NO
100,DBS,HG-2,HL,2 (Both 540ntrs),Sanctioned ,2,15,--,--,--,No,No,No,No,Nil,no,No,No,No,No,8-Feb,No,Halt agent,No,No,No,No,No,No,18(06274),No,No,NO,No,No,No,No,No,No,No,No,No,No,No,No,No,No,No,No,No,No,No,No,No,No,No,No,No,No,No,No,No,No,No,No,No,No,No,No,No,No,No,No,no,No,No,No,No,No,No,No,No,Halt Agent,No,No,No,NO
101,GNBH,HG-2,HL,"1-390,2-391",FOB with steps,Arranged by Halt Agent,4,90(desmanteled due fob),--,--,NO,No,,,10,No,NO,NO,NO,NO,1-Aug,Nil,NO,NO,NO,NO,NO,NO,NO,16227(21),No,No,No,No,No,No,No,No,No,No,No,No,No,NO,No,No,No,No,No,No,1,Yes both side,No,No,No,No,No,No,NO,No,No,No,No,No,No,No,No,No,No,No,No,No,No,No,No,No,,,,,,,,,,,
102,HDIH,HG-2,HL,"PF1-400, PF2-400",No,4,PF-1=144 PF-2=94,PF-1=156 PF-2=156,4,3,No,No,No,No,10,no,No,No,No,No,15-Aug,2 / 0,Halt agent,No,No,No,No,No,No,,No,No,NO,No,No,No,No,No,No,No,No,No,No,No,No,No,No,No,No,No,No,No,No,No,No,No,No,No,No,No,No,No,No,No,No,No,No,No,No,No,No,No,No,no,No,No,No,No,No,No,No,No,Halt Agent,No,No,No,No
103,KDGH,HG-2,HL,,FOB with steps,Arranged by Halt Agent,6,PF-1=750 PF-2=375,--,--,NO,NO,NO,NO,--,NO,NO,NO,NO,NO,02/00,04/00,Halt Agent,NO,NO,NO,NO,NO,NO,-,NO,NO,NO,NO,NO,NO,NO,NO,NO,NO,NO,NO,NO,NO,NO,NO,NO,NO,NO,NO,NO,NO,YES,NO,NO,NO,NO,NO,NO,NO,NO,NO,NO,NO,NO,NO,NO,NO,NO,NO,NO,NO,NO,NO,NO,NO,NO,NO,NO,NO,NO,NO,HALT AGENT,NO,NO,NO,NO
104,KNDV,HG-2,HL,2,under construction,NO,No,,No,No,No,No,NO,No,--,NO,No,No,NO,No,No,NO,Halt agent,No,No,No,No,No,NO,No,No,No,Yes,No,No,No,NO,No,No,No,No,No,No,No,NO,No,No,No,No,NO,No,No,No,No,No,No,No,No,No,No,NO,No,No,,No,No,No,No,NO,No,No,No,No,No,No,No,No,No,No,No,No,NO,No,No,No,No,NO
105,MDLL,HG-2,HL,2(Both540ntrs),Sanctioned ,2,15,--,--,--,No,No,No,No,Nil,no,No,No,No,No,2-Apr,0 / 4,Halt agent,No,No,No,No,No,No,,No,No,NO,No,No,No,No,No,No,No,No,No,No,No,No,No,No,No,No,No,No,No,No,No,No,No,No,No,No,No,No,No,No,No,No,No,No,No,No,No,No,No,No,no,No,No,No,No,No,No,No,No,Halt Agent,No,No,No,NO
106,MPC,HG-2,RL/HL,,no,1,No,Shady trees,--,--,no,no,no,no,--no,no,no,no,no,no,0/2pairs,no,1,no,no,no,no,no,no,14,no,no,no,no,no,no,no,no,no,no,no,no,no,no,no,no,no,no,no,no,no,no,no,no,,1,no,no,no,no,no,no,no,no,no,no,no,no,no,no,no,no,no,no,no,no,no,no,no,no,no,no,halt agent,no,no,no,no
107,SDVL,HG-2,HL,3(All 540mtrs),Yes,2,"PF-1-15,PF-2/3-15",No,--,--,No,No,No,No,Nil,no,No,No,No,No,6-Feb,0/2,Halt agent,No,No,No,No,No,No,,No,No,NO,No,No,No,No,No,No,No,No,No,No,No,No,No,No,No,No,No,No,No,No,No,No,No,No,No,No,No,No,No,No,No,No,No,No,No,No,No,No,No,No,no,No,No,No,No,No,No,No,No,Halt Agent,No,No,No,NO
108,AVT,HG-3,RL,1,NO,Arranged by Halt Agent,6,52,--,--,NO,NO,NO,NO,--,NO,NO,NO,NO,NO,train service stopped temporarily due to poor patronage,train service stopped temporarily due to poor patronage,Halt Agent,NO,NO,NO,NO,NO,NO,NO,NO,NO,NO,NO,NO,NO,NO,NO,NO,NO,NO,NO,NO,NO,NO,NO,NO,NO,NO,NO,NO,NO,01 broken,NO,NO,NO,NO,NO,NO,NO,NO,NO,NO,NO,NO,NO,NO,NO,NO,NO,NO,NO,NO,NO,NO,NO,NO,NO,NO,NO,NO,NO,NO,NO,NO,NO,NO
109,CNKH,HG-3,HL,1 = 400 sqm,No,Nil,12,nil,--,--,No,No,No,No,6,No,No,No,No,No,No,No,Halt agent,No,No,No,No,No,No,18,No,No,Yes,No,No,No,No,No,No,No,No,No,No,No,No,No,No,No,No,No,No,No,No,No,No,No,No,No,No,No,No,No,No,No,No,No,No,No,No,No,No,No,No,No,No,No,No,No,No,No,No,No,Halt agent,No,No,No,No
110,DJL,HG-3,RL,1,NO,Arranged by Halt Agent,6,Shady trees,--,--,NO,NO,NO,NO,--,NO,NO,NO,NO,NO,train service stopped temporarily due to poor patronage,train service stopped temporarily due to poor patronage,Halt Agent,NO,NO,NO,NO,NO,NO,NO,NO,NO,NO,NO,NO,NO,NO,NO,NO,NO,NO,NO,NO,NO,NO,NO,NO,NO,NO,NO,NO,NO,01 broken,NO,NO,NO,NO,NO,NO,NO,NO,NO,NO,NO,NO,NO,NO,NO,NO,NO,NO,NO,NO,NO,NO,NO,NO,NO,NO,NO,NO,NO,NO,NO,NO,NO,NO
111,GDH,HG-3,RL,1,NO,Arranged by Halt Agent,16,52,--,--,NO,NO,NO,NO,--,NO,NO,NO,NO,NO,train service stopped temporarily due to poor patronage,train service stopped temporarily due to poor patronage,Halt Agent,NO,NO,NO,NO,NO,NO,NO,NO,NO,NO,NO,NO,NO,NO,NO,NO,NO,NO,NO,NO,NO,NO,NO,NO,NO,NO,NO,NO,NO,NO,NO,NO,NO,NO,NO,NO,NO,NO,NO,NO,NO,NO,NO,NO,NO,NO,NO,NO,NO,NO,NO,NO,NO,NO,NO,NO,NO,NO,NO,NO,NO,NO,NO,NO
112,DTT,HG-3,RL,1,NO,Arranged by Halt Agent,16,52,--,--,NO,NO,NO,NO,--,NO,NO,NO,NO,NO,NIL,2-Feb,Halt Agent,NO,NO,NO,NO,NO,NO,NO,NO,NO,NO,NO,NO,NO,NO,NO,NO,NO,NO,NO,NO,NO,NO,NO,NO,NO,NO,NO,NO,NO,NO,NO,NO,NO,NO,NO,NO,NO,NO,NO,NO,NO,NO,NO,NO,NO,NO,NO,NO,NO,NO,NO,NO,NO,NO,NO,NO,NO,NO,NO,NO,NO,NO,NO,NO
113,HUD,HG-3,RL,1,NO,Arranged by Halt Agent,16,--,--,--,NO,NO,NO,NO,5,NO,NO,NO,NO,NO,train service stopped temporarily due to poor patronage,train service stopped temporarily due to poor patronage,Halt Agent,NO,NO,NO,NO,NO,NO,NO,NO,NO,NO,NO,NO,NO,NO,NO,NO,NO,NO,NO,NO,NO,NO,NO,NO,NO,NO,NO,NO,NO,NO,NO,NO,NO,NO,NO,NO,NO,NO,NO,NO,NO,NO,NO,NO,NO,NO,NO,NO,NO,NO,NO,NO,NO,NO,NO,NO,NO,NO,NO,NO,NO,NO,NO,NO
114,GJT,HG-3,RL,1,NO,Arranged by Halt Agent,16,52,--,--,NO,NO,NO,NO,--,NO,NO,NO,NO,NO,train service stopped temporarily due to poor patronage,train service stopped temporarily due to poor patronage,Halt Agent,NO,NO,NO,NO,NO,NO,NO,NO,NO,NO,NO,NO,NO,NO,NO,NO,NO,NO,NO,NO,NO,NO,NO,NO,NO,NO,NO,NO,NO,NO,NO,NO,NO,NO,NO,NO,NO,NO,NO,NO,NO,NO,NO,NO,NO,NO,NO,NO,NO,NO,NO,NO,NO,NO,NO,NO,NO,NO,NO,NO,NO,NO,NO,NO
115,TUHD,HG-3,RL,1,NO,Arranged by Halt Agent,16,300,--,--,NO,NO,NO,NO,--,NO,NO,NO,NO,NO,NO,2-Feb,Halt Agent,NO,NO,NO,NO,NO,NO,NO,NO,NO,NO,NO,NO,NO,NO,NO,NO,NO,NO,NO,NO,NO,NO,NO,NO,NO,NO,NO,NO,NO,NO,NO,NO,NO,NO,NO,NO,NO,NO,NO,NO,NO,NO,NO,NO,NO,NO,NO,NO,NO,NO,NO,NO,NO,NO,NO,NO,NO,NO,NO,NO,NO,NO,NO,NO
116,HUN,HG-3,RL,1,NO,Arranged by Halt Agent,,,,,NO,NO,NO,NO,--,NO,NO,NO,NO,NO,NO,2-Feb,Halt Agent,NO,NO,NO,NO,NO,NO,NO,NO,NO,NO,NO,NO,NO,NO,NO,NO,NO,NO,NO,NO,NO,NO,NO,NO,NO,NO,NO,NO,NO,NO,NO,NO,NO,NO,NO,NO,NO,NO,NO,NO,NO,NO,NO,NO,NO,NO,NO,NO,NO,NO,NO,NO,NO,NO,NO,NO,NO,NO,NO,NO,NO,NO,NO,NO
117,KHLL,HG-3,HL,"1-262,2-265",No,NO,No,,No,No,No,No,NO,No,--,NO,No,No,NO,No,No,NO,Halt agent,No,No,No,No,No,NO,No,No,No,Yes,No,No,No,NO,No,No,No,No,No,No,No,NO,No,No,No,No,NO,No,No,No,No,No,No,No,No,No,No,NO,No,No,,No,No,No,No,NO,No,No,No,No,No,No,No,No,No,No,No,No,NO,No,No,No,No,NO
118,KTCR,HG-3,NO,NO,NO,NO,NO,NO,NO,NO,NO,NO,NO,NO,NO,NO,CLOSED,NO,NO,NO,NO,NO,NO,NO,NO,NO,NO,NO,NO,NO,NO,NO,NO,NO,NO,NO,NO,NO,NO,NO,NO,NO,NO,NO,NO,NO,NO,NO,NO,NO,NO,NO,NO,NO,NO,NO,NO,NO,NO,NO,NO,NO,NO,NO,NO,NO,NO,NO,NO,NO,NO,NO,NO,NO,NO,NO,NO,NO,NO,NO,NO,NO,NO,NO,NO,NO,NO
119,NDY,HG-3,RL,1,NO,1 HP,12,52,--,--,NO,NO,NO,NO,--,NO,No,NO,NO,NO,NO,2-Feb,Halt Agent,NO,NO,NO,NO,NO,NO,NO,NO,NO,NO,NO,NO,NO,NO,NO,NO,NO,NO,NO,NO,NO,NO,NO,NO,NO,NO,NO,NO,NO,NO,NO,NO,NO,NO,NO,NO,NO,NO,NO,NO,NO,NO,NO,NO,NO,NO,NO,NO,NO,NO,NO,NO,NO,NO,NO,NO,NO,NO,NO,NO,NO,NO,NO,NO
120,NXH,HG-3,HL,"1-438,2-363",No,NO,No,,No,No,No,No,NO,No,--,NO,No,No,NO,No,No,NO,Halt agent,No,No,No,No,No,NO,No,No,No,Yes,No,No,No,NO,No,No,No,No,No,No,No,NO,No,No,No,No,NO,No,No,No,No,No,No,No,No,No,No,NO,No,No,,No,No,No,No,NO,No,No,No,No,No,No,No,No,No,No,No,No,NO,No,No,No,No,NO
121,SMDT,HG-3,HL,1,No,Arranged by Halt Agent,6,no,--,--,No,No,--,--,--,No,No,No,No,No,0/2pairs,No,1,No,No,No,No,No,No,14,No,No,yes,No,No,No,No,No,No,No,No,No,No,No,No,No,No,No,No,No,No,No,No,No,No,No,No,No,No,No,No,No,No,No,No,No,No,No,No,No,No,No,No,No,No,No,no,no,no,no,no,no,by Halt Agent,no,no,,no
122,TLS,HG-3,RL,1,NO,Arranged by Halt Agent,6,52,--,--,NO,NO,NO,NO,--,NO,NO,NO,NO,NO,2-Feb,NO,Halt Agent,NO,NO,NO,NO,NO,NO,NO,NO,NO,NO,NO,NO,NO,NO,NO,NO,NO,NO,NO,NO,NO,NO,NO,NO,NO,NO,NO,NO,NO,NO,NO,NO,NO,NO,NO,NO,NO,NO,NO,NO,NO,NO,NO,NO,NO,NO,NO,NO,NO,NO,NO,NO,NO,NO,NO,NO,NO,NO,NO,NO,NO,NO,NO,NO
123,VTE,HG-3,RL,1,NO,Arranged by Halt Agent,6,52,--,--,NO,NO,N0,NO,--,NO,NO,NO,NO,NO,2-Feb,NO,Halt Agent,NO,NO,NO,NO,NO,NO,NO,NO,NO,NO,NO,NO,NO,NO,NO,NO,NO,NO,NO,NO,NO,NO,NO,NO,NO,NO,NO,NO,NO,NO,NO,NO,NO,NO,NO,NO,NO,NO,NO,NO,NO,NO,NO,NO,NO,NO,NO,NO,NO,NO,NO,NO,NO,NO,NO,NO,NO,NO,NO,NO,NO,NO,NO,NO
124,DNU,HG-3,RL,1,NO,Arranged by Halt Agent,16,52,--,--,NO,NO,NO,NO,--,NO,NO,NO,NO,NO,2-Feb,NO,Halt Agent,NO,NO,NO,NO,NO,NO,NO,NO,NO,NO,NO,NO,NO,NO,NO,NO,NO,NO,NO,NO,NO,NO,NO,NO,NO,NO,NO,NO,NO,NO,NO,NO,NO,NO,NO,NO,NO,NO,NO,NO,NO,NO,NO,NO,NO,NO,NO,NO,NO,NO,NO,NO,NO,NO,NO,NO,NO,NO,NO,NO,NO,NO,NO,NO
125,BFW,HG-3,HL,pf 1 -= 460 sqm / pf 2 = 460 sqm,Yes,Arranged by Engg department,12,120 sqm / 40 sqm,--,4,No,No,No,No,25,No,No,No,No,No,No,No,Halt agent,No,No,No,No,No,No,18,No,No,No,No,No,No,No,No,No,No,No,No,No,No,No,No,No,No,No,No,No,No,Yes,No,No,No,No,No,No,No,No,No,No,No,No,No,No,No,No,No,No,No,No,No,No,No,nil,--,--,No,No,6,Halt agent,No,No,No,No
126,SMWA,HG-3,ML,2,NO,Arranged by Halt Agent,16,--,--,--,NO,NO,NO,NO,--,NO,NO,NO,NO,NO,NO,NO,Halt agent,NO,NO,NO,NO,NO,NO,NO,NO,NO,YES,NO,NO,NO,NO,NO,NO,NO,NO,NO,NO,NO,NO,NO,NO,NO,NO,NO,NO,NO,YES,NO,NO,NO,NO,NO,04/0,NO,NO,NO,NO,NO,NO,NO,NO,NO,NO,NO,NO,NO,NO,NO,NO,NO,NO,NO,NO,NO,NO,NO,NO,NO,NO,NO,NO
127,VWA,HG-3,HL,PF#1 - 225 PF#2 - 225,FOB withsteps,Arranged by Halt Agent,4,120,NO,--,NO,NO,--,--,--,NO,NO,NO,NO,NO,1-Jan,00/00,1,0,NO,NO,NO,NO,NO,16,NO,NO,YES,NO,NO,NO,NO,NO,NO,NO,NO,NO,NO,NO,NO,NO,NO,YES,NO,NO,1,NO,YES,NO,NO,NO,NO,NO,0,NO,NO,NO,NO,NO,NO,NO,NO,NO,NO,NO,NO,NO,NO,NO,NO,NO,NO,NO,NO,NO,NO,NO,HALT AGENT,NO,NO,NO,NO
128,HEI,HG-3,HL,1(500mtrs),No,10-PF-1,51-PF-1,No,--No,No,No,No,No,No,Nil,no,No,No,No,No,2-Feb,0 /2,Halt agent,No,No,No,No,No,No,,No,No,Yes,No,No,No,No,No,No,No,No,No,No,No,No,No,No,No,No,No,No,No,No,No,No,No,No,No,No,No,No,No,No,No,No,No,No,No,No,No,No,No,No,no,No,No,No,No,No,No,No,No,Halt Agent,No,No,No,NO
129,KIAD,HG-3,RL,1,NO,1 HP,13,277,--,--,NO,NO,NO,NO,--,NO,NO,NO,NO,NO,NIL,Feb-14,Halt agent,NO,NO,NO,NO,NO,NO,NO,NO,NO,NO,NO,NO,NO,NO,NO,NO,NO,NO,NO,NO,NO,NO,NO,NO,NO,NO,NO,NO,NO,NO,NO,NO,NO,NO,NO,NO,NO,NO,NO,NO,NO,NO,NO,NO,NO,NO,NO,NO,NO,NO,NO,NO,NO,NO,NO,NO,NO,NO,NO,NO,NO,NO,NO,NO
130,KSM,HG-3,HL,pf-1 = 470 sqm / pf 2 470 sqm,Yes,pf-1=4 / pf-2=2,12,pf 1= 120 sqm / pf 2 40 sqm,2,4,No,No,Yes,No,15,No,No,No,No,No,10-Jan,No,Halt agent,No,No,No,No,No,No,21,No,No,Yes,No,No,No,No,No,No,No,No,No,No,No,No,No,No,No,No,No,Yes,No,Yes,Yes,No,No,No,No,No,No,No,No,No,No,No,No,No,No,No,No,No,No,No,No,No,No,nil,--,--,No,No,6,Hlt agent,No,No,No,
131,CPL,HG-3,NO,NO,NO,NO,NO,NO,NO,NO,NO,NO,NO,NO,NO,NO,NO,NO,NO,NO,00/00,00/00,0,0,NO,NO,NO,NO,NO,NO,NO,NO,NO,NO,NO,NO,NO,NO,NO,NO,NO,NO,NO,NO,NO,NO,NO,NO,NO,NO,NO,NO,NO,NO,NO,NO,NO,NO,0,NO,NO,NO,NO,NO,NO,NO,NO,NO,NO,NO,NO,NO,NO,NO,NO,NO,NO,NO,NO,NO,NO,NO,NO,NO,NO,NO,NO